Ativo;Dia;Abertura;Fechamento;Tempo Operação;Qtd;Lado;Preço Compra;Preço Venda;Resultado Financeiro;Resultado Pontos;Total Acumulado;Acumlado Dia
WING20;02/01/2020;02/01/2020 09:35;02/01/2020 09:59;23min47s;1;C;117.095,00;116.990,00;-21;-105;-21;-105
WING20;02/01/2020;02/01/2020 10:07;02/01/2020 10:12;4min57s;1;C;117.070,00;117.075,00;1;5;-20;-100
WING20;02/01/2020;02/01/2020 10:17;02/01/2020 10:22;5min27s;1;C;116.990,00;117.050,00;12;60;-8;-40
WING20;02/01/2020;02/01/2020 10:27;02/01/2020 10:30;2min53s;1;C;116.995,00;117.085,00;18;90;10;50
WING20;02/01/2020;02/01/2020 11:10;02/01/2020 11:11;25s;1;C;117.530,00;117.580,00;10;50;20;100
WING20;02/01/2020;02/01/2020 11:20;02/01/2020 11:22;2min11s;1;C;117.555,00;117.600,00;9;45;29;145
WING20;02/01/2020;02/01/2020 11:25;02/01/2020 11:28;3min9s;1;C;117.560,00;117.610,00;10;50;39;195
WING20;02/01/2020;02/01/2020 12:12;02/01/2020 12:32;20min23s;1;C;118.260,00;118.175,00;-17;-85;22;110
WING20;02/01/2020;02/01/2020 12:41;02/01/2020 13:09;28min10s;1;V;118.285,00;118.170,00;-23;-115;-1;-5
WING20;02/01/2020;02/01/2020 13:17;02/01/2020 13:23;5min24s;1;C;118.315,00;118.340,00;5;25;4;20
WING20;02/01/2020;02/01/2020 13:28;02/01/2020 13:44;16min19s;1;C;118.310,00;118.215,00;-19;-95;-15;-75
WING20;02/01/2020;02/01/2020 13:48;02/01/2020 13:50;2min10s;1;V;118.190,00;118.230,00;8;40;-7;-35
WING20;02/01/2020;02/01/2020 13:53;02/01/2020 13:54;1min17s;1;V;118.170,00;118.215,00;9;45;2;10
WING20;02/01/2020;02/01/2020 13:58;02/01/2020 14:06;7min28s;1;V;118.205,00;118.205,00;0;0;2;10
WING20;02/01/2020;02/01/2020 14:07;02/01/2020 14:13;6min47s;1;V;118.230,00;118.255,00;5;25;7;35
WING20;02/01/2020;02/01/2020 14:26;02/01/2020 14:30;3min32s;1;C;118.280,00;118.305,00;5;25;12;60
WING20;02/01/2020;02/01/2020 14:31;02/01/2020 14:35;3min57s;1;C;118.260,00;118.290,00;6;30;18;90
WING20;02/01/2020;02/01/2020 14:48;02/01/2020 15:00;11min44s;1;C;118.400,00;118.445,00;9;45;27;135
WING20;02/01/2020;02/01/2020 15:07;02/01/2020 15:08;1min34s;1;C;118.415,00;118.450,00;7;35;34;170
WING20;02/01/2020;02/01/2020 15:17;02/01/2020 15:24;7min54s;1;C;118.440,00;118.465,00;5;25;39;195
WING20;02/01/2020;02/01/2020 15:41;02/01/2020 16:14;33min33s;1;C;118.610,00;118.470,00;-28;-140;11;55
WING20;03/01/2020;03/01/2020 09:30;03/01/2020 09:32;1min52s;1;V;117.420,00;117.520,00;20;100;31;100
WING20;03/01/2020;03/01/2020 09:42;03/01/2020 09:48;5min58s;1;V;117.505,00;117.485,00;-4;-20;27;80
WING20;03/01/2020;03/01/2020 10:25;03/01/2020 10:26;1min5s;1;C;117.975,00;118.115,00;28;140;55;220
WING20;03/01/2020;03/01/2020 10:29;03/01/2020 10:36;6min43s;1;C;117.960,00;118.025,00;13;65;68;285
WING20;03/01/2020;03/01/2020 11:14;03/01/2020 11:15;15s;1;C;118.345,00;118.420,00;15;75;83;360
WING20;03/01/2020;03/01/2020 11:26;03/01/2020 11:30;3min43s;1;C;118.515,00;118.545,00;6;30;89;390
WING20;03/01/2020;03/01/2020 11:42;03/01/2020 11:44;1min36s;1;C;118.645,00;118.790,00;29;145;118;535
WING20;03/01/2020;03/01/2020 11:51;03/01/2020 12:11;19min59s;1;C;118.690,00;118.590,00;-20;-100;98;435
WING20;03/01/2020;03/01/2020 12:18;03/01/2020 12:33;15min5s;1;C;118.570,00;118.420,00;-30;-150;68;285
WING20;03/01/2020;03/01/2020 12:47;03/01/2020 12:55;8min17s;1;C;118.470,00;118.445,00;-5;-25;63;260
WING20;03/01/2020;03/01/2020 13:01;03/01/2020 13:13;12min11s;1;C;118.420,00;118.320,00;-20;-100;43;160
WING20;03/01/2020;03/01/2020 13:21;03/01/2020 13:44;23min47s;1;V;118.405,00;118.320,00;-17;-85;26;75
WING20;03/01/2020;03/01/2020 13:53;03/01/2020 13:59;6min;1;V;118.350,00;118.390,00;8;40;34;115
WING20;03/01/2020;03/01/2020 14:23;03/01/2020 14:28;5min43s;1;C;118.640,00;118.695,00;11;55;45;170
WING20;03/01/2020;03/01/2020 14:55;03/01/2020 14:59;3min45s;1;C;118.835,00;118.890,00;11;55;56;225
WING20;03/01/2020;03/01/2020 15:05;03/01/2020 15:07;2min6s;1;C;118.860,00;118.920,00;12;60;68;285
WING20;06/01/2020;06/01/2020 09:44;06/01/2020 09:49;5min14s;1;V;117.455,00;117.475,00;4;20;72;20
WING20;06/01/2020;06/01/2020 09:51;06/01/2020 10:02;11min11s;1;V;117.540,00;117.500,00;-8;-40;64;-20
WING20;06/01/2020;06/01/2020 10:23;06/01/2020 10:31;8min;1;V;117.250,00;117.235,00;-3;-15;61;-35
WING20;06/01/2020;06/01/2020 10:44;06/01/2020 10:48;4min44s;1;V;117.145,00;117.190,00;9;45;70;10
WING20;06/01/2020;06/01/2020 10:51;06/01/2020 11:14;22min53s;1;V;117.330,00;117.215,00;-23;-115;47;-105
WING20;06/01/2020;06/01/2020 11:15;06/01/2020 11:32;16min20s;1;C;117.290,00;117.120,00;-34;-170;13;-275
WING20;06/01/2020;06/01/2020 11:46;06/01/2020 11:54;8min30s;1;V;117.045,00;117.060,00;3;15;16;-260
WING20;06/01/2020;06/01/2020 12:05;06/01/2020 12:32;26min7s;1;V;117.340,00;117.015,00;-65;-325;-49;-585
WING20;06/01/2020;06/01/2020 12:34;06/01/2020 12:38;4min2s;1;C;117.285,00;117.385,00;20;100;-29;-485
WING20;06/01/2020;06/01/2020 12:57;06/01/2020 12:59;1min37s;1;C;117.575,00;117.695,00;24;120;-5;-365
WING20;06/01/2020;06/01/2020 13:07;06/01/2020 13:08;1min3s;1;C;117.680,00;117.760,00;16;80;11;-285
WING20;06/01/2020;06/01/2020 13:14;06/01/2020 13:20;6min35s;1;C;117.715,00;117.735,00;4;20;15;-265
WING20;06/01/2020;06/01/2020 13:36;06/01/2020 13:42;6min;1;C;117.735,00;117.775,00;8;40;23;-225
WING20;06/01/2020;06/01/2020 14:01;06/01/2020 14:03;2min7s;1;C;117.755,00;117.800,00;9;45;32;-180
WING20;06/01/2020;06/01/2020 14:31;06/01/2020 14:34;2min58s;1;C;118.080,00;118.110,00;6;30;38;-150
WING20;06/01/2020;06/01/2020 14:35;06/01/2020 14:36;1min21s;1;V;118.075,00;118.150,00;15;75;53;-75
WING20;06/01/2020;06/01/2020 14:49;06/01/2020 14:52;2min32s;1;V;117.995,00;118.060,00;13;65;66;-10
WING20;06/01/2020;06/01/2020 14:59;06/01/2020 15:07;8min;1;V;118.060,00;118.050,00;-2;-10;64;-20
WING20;06/01/2020;06/01/2020 15:31;06/01/2020 15:42;11min26s;1;V;117.870,00;117.910,00;8;40;72;20
WING20;07/01/2020;07/01/2020 09:27;07/01/2020 10:09;41min54s;1;C;117.745,00;117.450,00;-59;-295;13;-295
WING20;07/01/2020;07/01/2020 10:10;07/01/2020 10:49;38min28s;1;C;117.380,00;116.695,00;-137;-685;-124;-980
WING20;07/01/2020;07/01/2020 11:04;07/01/2020 11:11;6min20s;1;V;116.590,00;116.615,00;5;25;-119;-955
WING20;07/01/2020;07/01/2020 11:13;07/01/2020 11:24;10min43s;1;V;116.610,00;116.695,00;17;85;-102;-870
WING20;07/01/2020;07/01/2020 11:29;07/01/2020 11:37;8min17s;1;V;116.695,00;116.685,00;-2;-10;-104;-880
WING20;07/01/2020;07/01/2020 11:56;07/01/2020 12:15;18min55s;1;V;116.740,00;116.625,00;-23;-115;-127;-995
WING20;07/01/2020;07/01/2020 12:18;07/01/2020 12:23;5min4s;1;C;116.745,00;116.770,00;5;25;-122;-970
WING20;07/01/2020;07/01/2020 12:24;07/01/2020 12:29;4min41s;1;C;116.710,00;116.770,00;12;60;-110;-910
WING20;07/01/2020;07/01/2020 12:32;07/01/2020 12:50;18min51s;1;C;116.735,00;116.620,00;-23;-115;-133;-1025
WING20;07/01/2020;07/01/2020 12:54;07/01/2020 13:09;14min46s;1;V;116.680,00;116.655,00;-5;-25;-138;-1050
WING20;07/01/2020;07/01/2020 13:12;07/01/2020 13:19;6min41s;1;C;116.670,00;116.715,00;9;45;-129;-1005
WING20;07/01/2020;07/01/2020 13:32;07/01/2020 13:37;4min35s;1;C;116.750,00;116.785,00;7;35;-122;-970
WING20;07/01/2020;07/01/2020 13:42;07/01/2020 13:48;5min21s;1;C;116.745,00;116.785,00;8;40;-114;-930
WING20;07/01/2020;07/01/2020 13:55;07/01/2020 14:01;6min6s;1;C;116.715,00;116.725,00;2;10;-112;-920
WING20;07/01/2020;07/01/2020 14:11;07/01/2020 14:13;1min31s;1;C;116.685,00;116.755,00;14;70;-98;-850
WING20;07/01/2020;07/01/2020 14:30;07/01/2020 14:45;14min34s;1;C;116.790,00;116.790,00;0;0;-98;-850
WING20;07/01/2020;07/01/2020 14:45;07/01/2020 15:26;40min49s;1;V;117.145,00;116.820,00;-65;-325;-163;-1175
WING20;08/01/2020;08/01/2020 09:05;08/01/2020 09:13;8min4s;1;C;117.130,00;117.220,00;18;90;-145;90
WING20;08/01/2020;08/01/2020 09:29;08/01/2020 09:29;26s;1;C;117.235,00;117.365,00;26;130;-119;220
WING20;08/01/2020;08/01/2020 09:54;08/01/2020 09:55;39s;1;C;117.595,00;117.685,00;18;90;-101;310
WING20;08/01/2020;08/01/2020 09:59;08/01/2020 10:11;12min1s;1;C;117.600,00;117.620,00;4;20;-97;330
WING20;08/01/2020;08/01/2020 10:20;08/01/2020 10:30;10min;1;C;117.635,00;117.660,00;5;25;-92;355
WING20;08/01/2020;08/01/2020 10:38;08/01/2020 10:56;17min15s;1;C;117.675,00;116.970,00;-141;-705;-233;-350
WING20;08/01/2020;08/01/2020 11:31;08/01/2020 11:36;4min53s;1;V;116.650,00;116.695,00;9;45;-224;-305
WING20;08/01/2020;08/01/2020 11:44;08/01/2020 11:46;2min9s;1;V;116.560,00;116.635,00;15;75;-209;-230
WING20;08/01/2020;08/01/2020 11:49;08/01/2020 12:19;29min49s;1;V;116.810,00;116.650,00;-32;-160;-241;-390
WING20;08/01/2020;08/01/2020 12:21;08/01/2020 12:39;18min2s;1;C;116.785,00;116.095,00;-138;-690;-379;-1080
WING20;08/01/2020;08/01/2020 12:57;08/01/2020 13:00;3min10s;1;V;116.260,00;116.330,00;14;70;-365;-1010
WING20;08/01/2020;08/01/2020 13:05;08/01/2020 13:28;22min42s;1;V;116.405,00;116.320,00;-17;-85;-382;-1095
WING20;08/01/2020;08/01/2020 14:13;08/01/2020 14:15;2min7s;1;C;117.115,00;117.195,00;16;80;-366;-1015
WING20;08/01/2020;08/01/2020 14:20;08/01/2020 14:22;2min46s;1;C;117.135,00;117.220,00;17;85;-349;-930
WING20;08/01/2020;08/01/2020 14:41;08/01/2020 14:57;15min51s;1;C;117.220,00;117.135,00;-17;-85;-366;-1015
WING20;08/01/2020;08/01/2020 15:02;08/01/2020 15:10;8min46s;1;V;117.115,00;117.135,00;4;20;-362;-995
WING20;08/01/2020;08/01/2020 15:11;08/01/2020 15:13;1min44s;1;C;117.090,00;117.135,00;9;45;-353;-950
WING20;08/01/2020;08/01/2020 15:14;08/01/2020 15:14;28s;1;V;117.150,00;117.170,00;4;20;-349;-930
WING20;09/01/2020;09/01/2020 09:25;09/01/2020 09:53;28min23s;1;C;116.955,00;116.660,00;-59;-295;-408;-295
WING20;09/01/2020;09/01/2020 09:55;09/01/2020 09:59;3min40s;1;C;116.565,00;116.775,00;42;210;-366;-85
WING20;09/01/2020;09/01/2020 10:00;09/01/2020 10:03;3min31s;1;C;116.625,00;116.705,00;16;80;-350;-5
WING20;09/01/2020;09/01/2020 10:07;09/01/2020 10:12;4min24s;1;C;116.655,00;116.725,00;14;70;-336;65
WING20;09/01/2020;09/01/2020 10:22;09/01/2020 10:24;1min58s;1;C;116.650,00;116.780,00;26;130;-310;195
WING20;09/01/2020;09/01/2020 10:52;09/01/2020 11:20;28min53s;1;C;117.075,00;116.685,00;-78;-390;-388;-195
WING20;09/01/2020;09/01/2020 11:21;09/01/2020 11:22;1min22s;1;V;116.595,00;116.715,00;24;120;-364;-75
WING20;09/01/2020;09/01/2020 11:30;09/01/2020 11:31;58s;1;V;116.540,00;116.680,00;28;140;-336;65
WING20;09/01/2020;09/01/2020 11:48;09/01/2020 11:59;10min32s;1;V;116.455,00;116.475,00;4;20;-332;85
WING20;09/01/2020;09/01/2020 12:01;09/01/2020 12:10;9min22s;1;C;116.410,00;116.460,00;10;50;-322;135
WING20;09/01/2020;09/01/2020 12:15;09/01/2020 12:21;5min28s;1;C;116.405,00;116.460,00;11;55;-311;190
WING20;09/01/2020;09/01/2020 12:23;09/01/2020 12:38;15min9s;1;C;116.380,00;116.375,00;-1;-5;-312;185
WING20;09/01/2020;09/01/2020 13:10;09/01/2020 13:22;11min37s;1;C;116.635,00;116.635,00;0;0;-312;185
WING20;09/01/2020;09/01/2020 13:27;09/01/2020 13:30;3min28s;1;C;116.550,00;116.620,00;14;70;-298;255
WING20;09/01/2020;09/01/2020 13:41;09/01/2020 13:49;7min58s;1;C;116.630,00;116.660,00;6;30;-292;285
WING20;09/01/2020;09/01/2020 13:56;09/01/2020 14:10;13min51s;1;C;116.630,00;116.650,00;4;20;-288;305
WING20;09/01/2020;09/01/2020 14:49;09/01/2020 14:53;3min14s;1;V;116.130,00;116.195,00;13;65;-275;370
WING20;09/01/2020;09/01/2020 14:55;09/01/2020 14:56;1min8s;1;V;116.115,00;116.220,00;21;105;-254;475
WING20;09/01/2020;09/01/2020 15:04;09/01/2020 15:09;4min27s;1;V;116.095,00;116.175,00;16;80;-238;555
WING20;09/01/2020;09/01/2020 15:31;09/01/2020 15:33;2min10s;1;V;115.910,00;115.980,00;14;70;-224;625
WING20;10/01/2020;10/01/2020 09:17;10/01/2020 09:20;3min2s;1;C;116.610,00;116.670,00;12;60;-212;60
WING20;10/01/2020;10/01/2020 09:26;10/01/2020 09:30;4min;1;C;116.625,00;116.690,00;13;65;-199;125
WING20;10/01/2020;10/01/2020 09:41;10/01/2020 09:48;7min40s;1;C;116.690,00;116.700,00;2;10;-197;135
WING20;10/01/2020;10/01/2020 10:59;10/01/2020 11:01;2min14s;1;C;117.035,00;117.110,00;15;75;-182;210
WING20;10/01/2020;10/01/2020 11:09;10/01/2020 11:15;5min47s;1;C;117.070,00;117.095,00;5;25;-177;235
WING20;10/01/2020;10/01/2020 11:19;10/01/2020 11:43;23min38s;1;C;117.065,00;116.900,00;-33;-165;-210;70
WING20;10/01/2020;10/01/2020 11:49;10/01/2020 11:54;4min42s;1;V;116.825,00;116.900,00;15;75;-195;145
WING20;10/01/2020;10/01/2020 11:58;10/01/2020 12:13;15min34s;1;V;116.955,00;116.905,00;-10;-50;-205;95
WING20;10/01/2020;10/01/2020 12:31;10/01/2020 12:40;9min20s;1;C;117.060,00;117.080,00;4;20;-201;115
WING20;10/01/2020;10/01/2020 12:44;10/01/2020 12:59;14min36s;1;C;117.050,00;117.045,00;-1;-5;-202;110
WING20;10/01/2020;10/01/2020 13:06;10/01/2020 13:12;5min36s;1;V;117.000,00;117.025,00;5;25;-197;135
WING20;10/01/2020;10/01/2020 13:54;10/01/2020 14:00;5min6s;1;V;116.645,00;116.685,00;8;40;-189;175
WING20;10/01/2020;10/01/2020 14:05;10/01/2020 14:06;1min8s;1;V;116.610,00;116.665,00;11;55;-178;230
WING20;10/01/2020;10/01/2020 14:20;10/01/2020 14:20;44s;1;V;116.550,00;116.610,00;12;60;-166;290
WING20;10/01/2020;10/01/2020 14:25;10/01/2020 14:33;7min36s;1;V;116.610,00;116.590,00;-4;-20;-170;270
WING20;10/01/2020;10/01/2020 14:37;10/01/2020 14:39;2min3s;1;C;116.590,00;116.635,00;9;45;-161;315
WING20;10/01/2020;10/01/2020 15:05;10/01/2020 15:07;1min37s;1;V;116.495,00;116.535,00;8;40;-153;355
WING20;10/01/2020;10/01/2020 15:15;10/01/2020 15:35;19min23s;1;V;116.655,00;116.525,00;-26;-130;-179;225
WING20;13/01/2020;13/01/2020 09:18;13/01/2020 09:26;8min15s;1;C;116.230,00;116.260,00;6;30;-173;30
WING20;13/01/2020;13/01/2020 09:45;13/01/2020 09:45;17s;1;C;116.350,00;116.410,00;12;60;-161;90
WING20;13/01/2020;13/01/2020 09:48;13/01/2020 09:55;6min13s;1;C;116.365,00;116.365,00;0;0;-161;90
WING20;13/01/2020;13/01/2020 10:00;13/01/2020 10:16;16min5s;1;V;116.440,00;116.410,00;-6;-30;-167;60
WING20;13/01/2020;13/01/2020 10:42;13/01/2020 10:46;3min47s;1;C;116.690,00;116.750,00;12;60;-155;120
WING20;13/01/2020;13/01/2020 10:48;13/01/2020 10:49;57s;1;C;116.670,00;116.750,00;16;80;-139;200
WING20;13/01/2020;13/01/2020 10:54;13/01/2020 10:56;2min27s;1;C;116.685,00;116.785,00;20;100;-119;300
WING20;13/01/2020;13/01/2020 10:57;13/01/2020 11:06;9min19s;1;C;116.700,00;116.755,00;11;55;-108;355
WING20;13/01/2020;13/01/2020 11:09;13/01/2020 11:10;1min;1;V;116.700,00;116.760,00;12;60;-96;415
WING20;13/01/2020;13/01/2020 11:20;13/01/2020 11:30;9min46s;1;C;116.760,00;116.705,00;-11;-55;-107;360
WING20;13/01/2020;13/01/2020 12:19;13/01/2020 12:21;1min12s;1;C;117.160,00;117.210,00;10;50;-97;410
WING20;13/01/2020;13/01/2020 12:32;13/01/2020 12:40;7min32s;1;C;117.265,00;117.310,00;9;45;-88;455
WING20;13/01/2020;13/01/2020 12:42;13/01/2020 12:48;6min48s;1;C;117.255,00;117.285,00;6;30;-82;485
WING20;13/01/2020;13/01/2020 12:49;13/01/2020 12:53;3min57s;1;V;117.265,00;117.310,00;9;45;-73;530
WING20;13/01/2020;13/01/2020 13:00;13/01/2020 13:01;1min20s;1;C;117.265,00;117.315,00;10;50;-63;580
WING20;13/01/2020;13/01/2020 13:25;13/01/2020 13:28;3min10s;1;C;117.440,00;117.555,00;23;115;-40;695
WING20;13/01/2020;13/01/2020 13:34;13/01/2020 13:46;12min1s;1;C;117.465,00;117.495,00;6;30;-34;725
WING20;13/01/2020;13/01/2020 13:52;13/01/2020 13:58;5min27s;1;C;117.480,00;117.505,00;5;25;-29;750
WING20;13/01/2020;13/01/2020 14:03;13/01/2020 14:10;6min35s;1;C;117.485,00;117.510,00;5;25;-24;775
WING20;14/01/2020;14/01/2020 09:29;14/01/2020 09:33;3min31s;1;V;117.460,00;117.505,00;9;45;-15;45
WING20;14/01/2020;14/01/2020 09:35;14/01/2020 09:39;3min43s;1;V;117.470,00;117.510,00;8;40;-7;85
WING20;14/01/2020;14/01/2020 10:12;14/01/2020 10:28;15min47s;1;V;117.390,00;117.340,00;-10;-50;-17;35
WING20;14/01/2020;14/01/2020 10:29;14/01/2020 10:30;53s;1;C;117.365,00;117.450,00;17;85;0;120
WING20;14/01/2020;14/01/2020 11:08;14/01/2020 11:18;10min13s;1;C;117.940,00;117.960,00;4;20;4;140
WING20;14/01/2020;14/01/2020 11:20;14/01/2020 12:05;45min44s;1;C;117.900,00;117.460,00;-88;-440;-84;-300
WING20;14/01/2020;14/01/2020 12:06;14/01/2020 12:09;3min4s;1;V;117.400,00;117.470,00;14;70;-70;-230
WING20;14/01/2020;14/01/2020 12:11;14/01/2020 12:13;2min8s;1;V;117.415,00;117.475,00;12;60;-58;-170
WING20;14/01/2020;14/01/2020 12:15;14/01/2020 12:29;13min29s;1;C;117.410,00;117.430,00;4;20;-54;-150
WING20;14/01/2020;14/01/2020 12:49;14/01/2020 12:56;7min27s;1;C;117.550,00;117.570,00;4;20;-50;-130
WING20;14/01/2020;14/01/2020 13:23;14/01/2020 13:24;1min19s;1;V;117.560,00;117.595,00;7;35;-43;-95
WING20;14/01/2020;14/01/2020 13:45;14/01/2020 14:04;19min33s;1;V;117.520,00;117.455,00;-13;-65;-56;-160
WING20;14/01/2020;14/01/2020 14:14;14/01/2020 14:16;1min27s;1;V;117.470,00;117.510,00;8;40;-48;-120
WING20;14/01/2020;14/01/2020 14:29;14/01/2020 14:44;14min55s;1;V;117.550,00;117.465,00;-17;-85;-65;-205
WING20;14/01/2020;14/01/2020 14:52;14/01/2020 14:55;2min44s;1;V;117.515,00;117.565,00;10;50;-55;-155
WING20;14/01/2020;14/01/2020 15:02;14/01/2020 15:30;28min6s;1;V;117.630,00;117.530,00;-20;-100;-75;-255
WING20;15/01/2020;15/01/2020 09:35;15/01/2020 09:37;2min39s;1;V;117.440,00;117.480,00;8;40;-67;40
WING20;15/01/2020;15/01/2020 09:48;15/01/2020 10:00;12min33s;1;V;117.435,00;117.450,00;3;15;-64;55
WING20;15/01/2020;15/01/2020 10:02;15/01/2020 10:06;3min46s;1;V;117.490,00;117.495,00;1;5;-63;60
WING20;15/01/2020;15/01/2020 10:29;15/01/2020 10:33;4min2s;1;V;117.205,00;117.230,00;5;25;-58;85
WING20;15/01/2020;15/01/2020 10:35;15/01/2020 10:39;4min;1;V;117.225,00;117.295,00;14;70;-44;155
WING20;15/01/2020;15/01/2020 10:49;15/01/2020 10:55;5min39s;1;C;117.205,00;117.270,00;13;65;-31;220
WING20;15/01/2020;15/01/2020 11:10;15/01/2020 11:12;2min3s;1;C;117.310,00;117.370,00;12;60;-19;280
WING20;15/01/2020;15/01/2020 11:15;15/01/2020 11:18;2min30s;1;C;117.310,00;117.375,00;13;65;-6;345
WING20;15/01/2020;15/01/2020 11:30;15/01/2020 11:33;3min14s;1;C;117.315,00;117.390,00;15;75;9;420
WING20;15/01/2020;15/01/2020 11:34;15/01/2020 11:40;6min7s;1;C;117.280,00;117.360,00;16;80;25;500
WING20;15/01/2020;15/01/2020 11:42;15/01/2020 11:59;17min20s;1;C;117.265,00;117.215,00;-10;-50;15;450
WING20;15/01/2020;15/01/2020 12:09;15/01/2020 12:11;1min38s;1;V;117.095,00;117.165,00;14;70;29;520
WING20;15/01/2020;15/01/2020 12:34;15/01/2020 12:42;7min24s;1;V;116.865,00;116.915,00;10;50;39;570
WING20;15/01/2020;15/01/2020 12:55;15/01/2020 12:56;1min26s;1;V;116.820,00;116.870,00;10;50;49;620
WING20;15/01/2020;15/01/2020 13:04;15/01/2020 13:07;2min49s;1;V;116.780,00;116.835,00;11;55;60;675
WING20;15/01/2020;15/01/2020 13:22;15/01/2020 13:36;13min46s;1;V;116.840,00;116.730,00;-22;-110;38;565
WING20;15/01/2020;15/01/2020 13:43;15/01/2020 13:55;12min6s;1;C;116.820,00;116.775,00;-9;-45;29;520
WING20;15/01/2020;15/01/2020 14:19;15/01/2020 14:24;5min4s;1;C;116.960,00;117.005,00;9;45;38;565
WING20;16/01/2020;16/01/2020 09:31;16/01/2020 09:40;9min6s;1;C;117.325,00;117.335,00;2;10;40;10
WING20;16/01/2020;16/01/2020 09:50;16/01/2020 09:53;2min56s;1;C;117.285,00;117.305,00;4;20;44;30
WING20;16/01/2020;16/01/2020 09:54;16/01/2020 09:59;5min31s;1;C;117.285,00;117.320,00;7;35;51;65
WING20;16/01/2020;16/01/2020 10:10;16/01/2020 10:19;8min13s;1;C;117.385,00;117.370,00;-3;-15;48;50
WING20;16/01/2020;16/01/2020 10:23;16/01/2020 10:32;8min48s;1;C;117.325,00;117.365,00;8;40;56;90
WING20;16/01/2020;16/01/2020 10:35;16/01/2020 10:58;22min16s;1;C;117.310,00;117.100,00;-42;-210;14;-120
WING20;16/01/2020;16/01/2020 11:29;16/01/2020 11:41;11min50s;1;C;117.245,00;117.225,00;-4;-20;10;-140
WING20;16/01/2020;16/01/2020 11:47;16/01/2020 11:54;7min30s;1;C;117.195,00;117.235,00;8;40;18;-100
WING20;16/01/2020;16/01/2020 12:10;16/01/2020 12:34;24min50s;1;C;117.345,00;117.245,00;-20;-100;-2;-200
WING20;16/01/2020;16/01/2020 12:43;16/01/2020 12:54;10min45s;1;C;117.250,00;117.200,00;-10;-50;-12;-250
WING20;16/01/2020;16/01/2020 12:56;16/01/2020 13:02;5min29s;1;V;117.215,00;117.240,00;5;25;-7;-225
WING20;16/01/2020;16/01/2020 13:06;16/01/2020 13:09;2min22s;1;V;117.205,00;117.260,00;11;55;4;-170
WING20;16/01/2020;16/01/2020 13:20;16/01/2020 13:27;6min40s;1;C;117.220,00;117.250,00;6;30;10;-140
WING20;16/01/2020;16/01/2020 13:28;16/01/2020 13:33;4min31s;1;V;117.225,00;117.265,00;8;40;18;-100
WING20;16/01/2020;16/01/2020 13:36;16/01/2020 13:42;6min2s;1;V;117.235,00;117.250,00;3;15;21;-85
WING20;16/01/2020;16/01/2020 13:46;16/01/2020 13:53;7min7s;1;C;117.230,00;117.240,00;2;10;23;-75
WING20;16/01/2020;16/01/2020 14:13;16/01/2020 14:32;18min39s;1;C;117.355,00;117.345,00;-2;-10;21;-85
WING20;16/01/2020;16/01/2020 14:35;16/01/2020 14:37;1min35s;1;C;117.330,00;117.380,00;10;50;31;-35
WING20;16/01/2020;16/01/2020 14:51;16/01/2020 15:16;25min10s;1;C;117.375,00;116.675,00;-140;-700;-109;-735
WING20;17/01/2020;17/01/2020 09:22;17/01/2020 09:34;11min55s;1;C;117.305,00;117.310,00;1;5;-108;5
WING20;17/01/2020;17/01/2020 09:35;17/01/2020 09:37;2min32s;1;V;117.295,00;117.330,00;7;35;-101;40
WING20;17/01/2020;17/01/2020 09:45;17/01/2020 09:50;4min17s;1;V;117.255,00;117.295,00;8;40;-93;80
WING20;17/01/2020;17/01/2020 09:53;17/01/2020 09:55;1min26s;1;V;117.265,00;117.290,00;5;25;-88;105
WING20;17/01/2020;17/01/2020 10:45;17/01/2020 10:55;9min41s;1;C;118.000,00;118.040,00;8;40;-80;145
WING20;17/01/2020;17/01/2020 11:04;17/01/2020 11:09;5min27s;1;C;117.995,00;118.030,00;7;35;-73;180
WING20;17/01/2020;17/01/2020 11:30;17/01/2020 11:31;1min21s;1;C;118.190,00;118.255,00;13;65;-60;245
WING20;17/01/2020;17/01/2020 11:40;17/01/2020 11:46;5min54s;1;C;118.225,00;118.265,00;8;40;-52;285
WING20;17/01/2020;17/01/2020 11:47;17/01/2020 11:55;8min1s;1;C;118.205,00;118.250,00;9;45;-43;330
WING20;17/01/2020;17/01/2020 12:04;17/01/2020 12:12;7min31s;1;V;118.170,00;118.215,00;9;45;-34;375
WING20;17/01/2020;17/01/2020 12:19;17/01/2020 12:19;9s;1;V;118.150,00;118.205,00;11;55;-23;430
WING20;17/01/2020;17/01/2020 12:51;17/01/2020 13:06;14min6s;1;V;117.970,00;117.950,00;-4;-20;-27;410
WING20;17/01/2020;17/01/2020 13:08;17/01/2020 13:09;1min19s;1;V;117.970,00;118.015,00;9;45;-18;455
WING20;17/01/2020;17/01/2020 14:06;17/01/2020 14:07;51s;1;C;117.985,00;118.015,00;6;30;-12;485
WING20;17/01/2020;17/01/2020 14:11;17/01/2020 14:21;10min43s;1;V;117.995,00;118.020,00;5;25;-7;510
WING20;20/01/2020;20/01/2020 09:27;20/01/2020 09:29;1min35s;1;V;118.435,00;118.465,00;6;30;-1;30
WING20;20/01/2020;20/01/2020 09:48;20/01/2020 09:55;6min55s;1;V;118.440,00;118.390,00;-10;-50;-11;-20
WING20;20/01/2020;20/01/2020 10:06;20/01/2020 10:08;1min29s;1;V;118.315,00;118.410,00;19;95;8;75
WING20;20/01/2020;20/01/2020 10:12;20/01/2020 10:14;1min44s;1;V;118.255,00;118.355,00;20;100;28;175
WING20;20/01/2020;20/01/2020 10:17;20/01/2020 10:18;51s;1;V;118.250,00;118.340,00;18;90;46;265
WING20;20/01/2020;20/01/2020 10:19;20/01/2020 10:31;11min27s;1;V;118.430,00;118.365,00;-13;-65;33;200
WING20;20/01/2020;20/01/2020 10:48;20/01/2020 11:00;12min5s;1;C;118.640,00;118.660,00;4;20;37;220
WING20;20/01/2020;20/01/2020 11:07;20/01/2020 11:21;14min31s;1;C;118.605,00;118.515,00;-18;-90;19;130
WING20;20/01/2020;20/01/2020 11:25;20/01/2020 11:32;6min54s;1;C;118.450,00;118.490,00;8;40;27;170
WING20;20/01/2020;20/01/2020 11:32;20/01/2020 11:56;23min44s;1;V;118.605,00;118.515,00;-18;-90;9;80
WING20;20/01/2020;20/01/2020 11:59;20/01/2020 12:07;8min7s;1;C;118.575,00;118.600,00;5;25;14;105
WING20;20/01/2020;20/01/2020 12:15;20/01/2020 12:23;8min29s;1;C;118.605,00;118.625,00;4;20;18;125
WING20;20/01/2020;20/01/2020 12:35;20/01/2020 12:41;6min33s;1;C;118.660,00;118.685,00;5;25;23;150
WING20;20/01/2020;20/01/2020 12:49;20/01/2020 12:58;8min51s;1;C;118.690,00;118.715,00;5;25;28;175
WING20;20/01/2020;20/01/2020 13:05;20/01/2020 13:12;7min21s;1;C;118.705,00;118.725,00;4;20;32;195
WING20;20/01/2020;20/01/2020 13:46;20/01/2020 14:03;17min6s;1;C;118.830,00;118.755,00;-15;-75;17;120
WING20;20/01/2020;20/01/2020 14:04;20/01/2020 14:09;4min51s;1;C;118.700,00;118.745,00;9;45;26;165
WING20;20/01/2020;20/01/2020 14:10;20/01/2020 14:12;1min14s;1;C;118.695,00;118.745,00;10;50;36;215
WING20;20/01/2020;20/01/2020 14:23;20/01/2020 14:30;6min52s;1;V;118.780,00;118.785,00;1;5;37;220
WING20;20/01/2020;20/01/2020 14:43;20/01/2020 14:46;2min55s;1;C;118.830,00;118.860,00;6;30;43;250
WING20;21/01/2020;21/01/2020 09:29;21/01/2020 09:34;5min24s;1;V;118.330,00;118.390,00;12;60;55;60
WING20;21/01/2020;21/01/2020 09:42;21/01/2020 09:43;1min6s;1;V;118.315,00;118.370,00;11;55;66;115
WING20;21/01/2020;21/01/2020 09:49;21/01/2020 10:02;12min38s;1;V;118.390,00;118.350,00;-8;-40;58;75
WING20;21/01/2020;21/01/2020 10:02;21/01/2020 10:08;6min14s;1;C;118.320,00;118.405,00;17;85;75;160
WING20;21/01/2020;21/01/2020 10:16;21/01/2020 10:38;21min52s;1;V;118.570,00;118.325,00;-49;-245;26;-85
WING20;21/01/2020;21/01/2020 10:49;21/01/2020 10:51;2min15s;1;C;118.625,00;118.690,00;13;65;39;-20
WING20;21/01/2020;21/01/2020 10:55;21/01/2020 10:58;2min50s;1;C;118.620,00;118.675,00;11;55;50;35
WING20;21/01/2020;21/01/2020 11:07;21/01/2020 11:18;11min1s;1;C;118.635,00;118.660,00;5;25;55;60
WING20;21/01/2020;21/01/2020 11:21;21/01/2020 11:37;15min35s;1;V;118.675,00;118.640,00;-7;-35;48;25
WING20;21/01/2020;21/01/2020 11:58;21/01/2020 12:00;1min51s;1;V;118.510,00;118.595,00;17;85;65;110
WING20;21/01/2020;21/01/2020 12:10;21/01/2020 12:12;2min7s;1;V;118.510,00;118.550,00;8;40;73;150
WING20;21/01/2020;21/01/2020 12:14;21/01/2020 12:16;2min12s;1;V;118.505,00;118.570,00;13;65;86;215
WING20;21/01/2020;21/01/2020 12:32;21/01/2020 12:33;1min1s;1;V;118.450,00;118.500,00;10;50;96;265
WING20;21/01/2020;21/01/2020 12:36;21/01/2020 12:38;2min46s;1;V;118.445,00;118.500,00;11;55;107;320
WING20;21/01/2020;21/01/2020 12:44;21/01/2020 12:47;2min42s;1;V;118.450,00;118.485,00;7;35;114;355
WING20;21/01/2020;21/01/2020 12:47;21/01/2020 12:53;5min43s;1;C;118.430,00;118.450,00;4;20;118;375
WING20;21/01/2020;21/01/2020 12:55;21/01/2020 12:57;1min23s;1;V;118.425,00;118.465,00;8;40;126;415
WING20;21/01/2020;21/01/2020 13:06;21/01/2020 13:21;14min26s;1;V;118.440,00;118.430,00;-2;-10;124;405
WING20;21/01/2020;21/01/2020 13:23;21/01/2020 13:29;5min24s;1;C;118.425,00;118.460,00;7;35;131;440
WING20;21/01/2020;21/01/2020 13:31;21/01/2020 13:33;2min43s;1;C;118.425,00;118.460,00;7;35;138;475
WING20;21/01/2020;21/01/2020 13:35;21/01/2020 13:37;2min20s;1;C;118.420,00;118.455,00;7;35;145;510
WING20;21/01/2020;21/01/2020 13:48;21/01/2020 13:51;3min4s;1;C;118.445,00;118.460,00;3;15;148;525
WING20;21/01/2020;21/01/2020 13:58;21/01/2020 14:29;30min30s;1;C;118.440,00;118.295,00;-29;-145;119;380
WING20;21/01/2020;21/01/2020 14:33;21/01/2020 14:42;9min17s;1;V;118.305,00;118.310,00;1;5;120;385
WING20;22/01/2020;22/01/2020 09:42;22/01/2020 09:43;1min1s;1;C;117.995,00;118.030,00;7;35;127;35
WING20;22/01/2020;22/01/2020 09:45;22/01/2020 09:49;4min11s;1;C;117.980,00;118.010,00;6;30;133;65
WING20;22/01/2020;22/01/2020 09:58;22/01/2020 10:00;1min58s;1;C;117.995,00;118.030,00;7;35;140;100
WING20;22/01/2020;22/01/2020 10:15;22/01/2020 10:16;58s;1;C;118.095,00;118.155,00;12;60;152;160
WING20;22/01/2020;22/01/2020 10:21;22/01/2020 10:23;1min33s;1;C;118.115,00;118.165,00;10;50;162;210
WING20;22/01/2020;22/01/2020 10:24;22/01/2020 10:29;5min7s;1;C;118.110,00;118.140,00;6;30;168;240
WING20;22/01/2020;22/01/2020 10:31;22/01/2020 10:44;13min16s;1;C;118.090,00;117.965,00;-25;-125;143;115
WING20;22/01/2020;22/01/2020 10:56;22/01/2020 10:59;2min52s;1;C;117.930,00;118.000,00;14;70;157;185
WING20;22/01/2020;22/01/2020 11:24;22/01/2020 11:32;8min3s;1;C;118.090,00;118.170,00;16;80;173;265
WING20;22/01/2020;22/01/2020 11:44;22/01/2020 11:57;13min8s;1;C;118.180,00;118.160,00;-4;-20;169;245
WING20;22/01/2020;22/01/2020 12:02;22/01/2020 12:08;6min35s;1;C;118.115,00;118.145,00;6;30;175;275
WING20;22/01/2020;22/01/2020 12:25;22/01/2020 12:55;29min54s;1;V;118.150,00;117.940,00;-42;-210;133;65
WING20;22/01/2020;22/01/2020 12:56;22/01/2020 12:58;1min30s;1;C;118.115,00;118.170,00;11;55;144;120
WING20;22/01/2020;22/01/2020 13:00;22/01/2020 13:10;9min56s;1;C;118.120,00;118.155,00;7;35;151;155
WING20;22/01/2020;22/01/2020 13:12;22/01/2020 13:27;14min46s;1;C;118.105,00;118.090,00;-3;-15;148;140
WING20;22/01/2020;22/01/2020 13:44;22/01/2020 13:45;1min16s;1;C;118.150,00;118.190,00;8;40;156;180
WING20;22/01/2020;22/01/2020 13:49;22/01/2020 13:51;1min30s;1;C;118.150,00;118.180,00;6;30;162;210
WING20;22/01/2020;22/01/2020 13:56;22/01/2020 14:00;3min57s;1;C;118.155,00;118.165,00;2;10;164;220
WING20;22/01/2020;22/01/2020 14:01;22/01/2020 14:11;10min16s;1;C;118.135,00;118.100,00;-7;-35;157;185
WING20;22/01/2020;22/01/2020 14:16;22/01/2020 14:21;5min6s;1;V;118.095,00;118.115,00;4;20;161;205
WING20;22/01/2020;22/01/2020 14:24;22/01/2020 14:25;1min4s;1;V;118.080,00;118.135,00;11;55;172;260
WING20;23/01/2020;23/01/2020 09:41;23/01/2020 09:42;54s;1;V;117.875,00;117.905,00;6;30;178;30
WING20;23/01/2020;23/01/2020 09:45;23/01/2020 09:48;3min38s;1;V;117.865,00;117.915,00;10;50;188;80
WING20;23/01/2020;23/01/2020 09:51;23/01/2020 09:54;2min29s;1;V;117.890,00;117.920,00;6;30;194;110
WING20;23/01/2020;23/01/2020 09:58;23/01/2020 10:00;2min3s;1;V;117.890,00;117.915,00;5;25;199;135
WING20;23/01/2020;23/01/2020 10:01;23/01/2020 10:30;29min11s;1;C;117.875,00;117.470,00;-81;-405;118;-270
WING20;23/01/2020;23/01/2020 10:33;23/01/2020 10:33;27s;1;V;117.425,00;117.515,00;18;90;136;-180
WING20;23/01/2020;23/01/2020 10:36;23/01/2020 10:37;1min39s;1;V;117.420,00;117.505,00;17;85;153;-95
WING20;23/01/2020;23/01/2020 10:40;23/01/2020 10:44;3min40s;1;V;117.430,00;117.500,00;14;70;167;-25
WING20;23/01/2020;23/01/2020 10:47;23/01/2020 10:54;7min6s;1;V;117.450,00;117.495,00;9;45;176;20
WING20;23/01/2020;23/01/2020 11:02;23/01/2020 11:13;11min18s;1;V;117.465,00;117.470,00;1;5;177;25
WING20;23/01/2020;23/01/2020 11:17;23/01/2020 11:20;2min43s;1;V;117.455,00;117.500,00;9;45;186;70
WING20;23/01/2020;23/01/2020 11:31;23/01/2020 11:54;23min41s;1;C;117.470,00;117.275,00;-39;-195;147;-125
WING20;23/01/2020;23/01/2020 11:58;23/01/2020 12:57;59min36s;1;V;117.860,00;117.290,00;-114;-570;33;-695
WING20;23/01/2020;23/01/2020 13:01;23/01/2020 13:08;6min29s;1;C;117.845,00;117.885,00;8;40;41;-655
WING20;23/01/2020;23/01/2020 13:09;23/01/2020 13:15;5min36s;1;C;117.835,00;117.865,00;6;30;47;-625
WING20;23/01/2020;23/01/2020 13:21;23/01/2020 13:53;31min34s;1;V;118.540,00;117.825,00;-143;-715;-96;-1340
WING20;23/01/2020;23/01/2020 14:30;23/01/2020 14:30;31s;1;C;118.660,00;118.725,00;13;65;-83;-1275
WING20;23/01/2020;23/01/2020 14:38;23/01/2020 14:39;46s;1;C;118.680,00;118.750,00;14;70;-69;-1205
WING20;24/01/2020;24/01/2020 09:07;24/01/2020 09:14;6min22s;1;C;119.855,00;119.920,00;13;65;-56;65
WING20;24/01/2020;24/01/2020 09:17;24/01/2020 09:35;17min49s;1;C;119.850,00;119.655,00;-39;-195;-95;-130
WING20;24/01/2020;24/01/2020 09:36;24/01/2020 09:37;53s;1;V;119.610,00;119.685,00;15;75;-80;-55
WING20;24/01/2020;24/01/2020 09:41;24/01/2020 09:54;12min46s;1;V;119.720,00;119.675,00;-9;-45;-89;-100
WING20;24/01/2020;24/01/2020 10:03;24/01/2020 10:13;9min18s;1;C;119.770,00;119.630,00;-28;-140;-117;-240
WING20;24/01/2020;24/01/2020 10:16;24/01/2020 10:18;2min10s;1;V;119.490,00;119.665,00;35;175;-82;-65
WING20;24/01/2020;24/01/2020 10:42;24/01/2020 10:52;9min;1;V;119.390,00;119.455,00;13;65;-69;0
WING20;24/01/2020;24/01/2020 11:11;24/01/2020 11:14;2min58s;1;V;119.175,00;119.220,00;9;45;-60;45
WING20;24/01/2020;24/01/2020 11:16;24/01/2020 11:23;6min57s;1;V;119.205,00;119.225,00;4;20;-56;65
WING20;24/01/2020;24/01/2020 11:24;24/01/2020 11:28;3min52s;1;V;119.175,00;119.240,00;13;65;-43;130
WING20;24/01/2020;24/01/2020 11:30;24/01/2020 11:31;57s;1;V;119.145,00;119.235,00;18;90;-25;220
WING20;24/01/2020;24/01/2020 11:35;24/01/2020 11:47;12min14s;1;V;119.290,00;119.200,00;-18;-90;-43;130
WING20;24/01/2020;24/01/2020 11:56;24/01/2020 12:01;5min28s;1;V;119.295,00;119.350,00;11;55;-32;185
WING20;24/01/2020;24/01/2020 12:02;24/01/2020 12:37;35min16s;1;C;119.255,00;118.895,00;-72;-360;-104;-175
WING20;24/01/2020;24/01/2020 12:39;24/01/2020 12:40;1min7s;1;V;118.835,00;118.925,00;18;90;-86;-85
WING20;24/01/2020;24/01/2020 12:55;24/01/2020 13:18;22min38s;1;V;118.855,00;118.760,00;-19;-95;-105;-180
WING20;24/01/2020;24/01/2020 13:29;24/01/2020 13:31;1min44s;1;V;118.755,00;118.820,00;13;65;-92;-115
WING20;24/01/2020;24/01/2020 13:35;24/01/2020 13:40;4min51s;1;V;118.735,00;118.810,00;15;75;-77;-40
WING20;24/01/2020;24/01/2020 13:45;24/01/2020 13:48;2min34s;1;V;118.650,00;118.745,00;19;95;-58;55
WING20;24/01/2020;24/01/2020 13:51;24/01/2020 13:56;4min10s;1;V;118.670,00;118.740,00;14;70;-44;125
WING20;24/01/2020;24/01/2020 14:23;24/01/2020 14:42;18min21s;1;V;118.630,00;118.545,00;-17;-85;-61;40
WING20;24/01/2020;24/01/2020 14:48;24/01/2020 15:02;14min33s;1;V;118.755,00;118.680,00;-15;-75;-76;-35
WING20;24/01/2020;24/01/2020 15:04;24/01/2020 15:06;1min59s;1;C;118.730,00;118.785,00;11;55;-65;20
WING20;27/01/2020;27/01/2020 09:26;27/01/2020 09:29;2min41s;1;V;116.475,00;116.580,00;21;105;-44;105
WING20;27/01/2020;27/01/2020 09:31;27/01/2020 09:33;2min21s;1;V;116.475,00;116.585,00;22;110;-22;215
WING20;27/01/2020;27/01/2020 09:41;27/01/2020 09:42;1min24s;1;V;116.460,00;116.550,00;18;90;-4;305
WING20;27/01/2020;27/01/2020 10:27;27/01/2020 10:28;1min30s;1;V;115.705,00;115.795,00;18;90;14;395
WING20;27/01/2020;27/01/2020 10:40;27/01/2020 10:43;3min6s;1;V;115.645,00;115.720,00;15;75;29;470
WING20;27/01/2020;27/01/2020 11:04;27/01/2020 11:08;4min1s;1;C;115.830,00;115.890,00;12;60;41;530
WING20;27/01/2020;27/01/2020 11:10;27/01/2020 11:26;15min53s;1;C;115.820,00;115.710,00;-22;-110;19;420
WING20;27/01/2020;27/01/2020 11:28;27/01/2020 11:31;3min28s;1;C;115.615,00;115.695,00;16;80;35;500
WING20;27/01/2020;27/01/2020 11:35;27/01/2020 11:36;57s;1;C;115.655,00;115.795,00;28;140;63;640
WING20;27/01/2020;27/01/2020 11:38;27/01/2020 11:56;18min35s;1;V;115.835,00;115.825,00;-2;-10;61;630
WING20;27/01/2020;27/01/2020 12:01;27/01/2020 12:28;26min53s;1;C;115.820,00;115.710,00;-22;-110;39;520
WING20;27/01/2020;27/01/2020 12:32;27/01/2020 13:02;30min20s;1;C;115.655,00;115.400,00;-51;-255;-12;265
WING20;27/01/2020;27/01/2020 13:08;27/01/2020 13:10;2min2s;1;V;115.310,00;115.390,00;16;80;4;345
WING20;27/01/2020;27/01/2020 13:22;27/01/2020 13:27;4min20s;1;V;115.265,00;115.300,00;7;35;11;380
WING20;27/01/2020;27/01/2020 13:30;27/01/2020 13:32;2min12s;1;V;115.230,00;115.305,00;15;75;26;455
WING20;27/01/2020;27/01/2020 13:33;27/01/2020 13:46;12min57s;1;V;115.300,00;115.305,00;1;5;27;460
WING20;27/01/2020;27/01/2020 13:54;27/01/2020 13:55;32s;1;V;115.255,00;115.320,00;13;65;40;525
WING20;27/01/2020;27/01/2020 14:08;27/01/2020 14:35;27min5s;1;V;115.485,00;115.255,00;-46;-230;-6;295
WING20;27/01/2020;27/01/2020 14:36;27/01/2020 14:43;7min9s;1;C;115.465,00;115.485,00;4;20;-2;315
WING20;27/01/2020;27/01/2020 14:46;27/01/2020 14:49;3min31s;1;C;115.435,00;115.495,00;12;60;10;375
WING20;27/01/2020;27/01/2020 15:00;27/01/2020 15:05;4min28s;1;V;115.360,00;115.445,00;17;85;27;460
WING20;28/01/2020;28/01/2020 09:24;28/01/2020 09:25;29s;1;C;115.180,00;115.240,00;12;60;39;60
WING20;28/01/2020;28/01/2020 10:00;28/01/2020 10:00;43s;1;C;115.485,00;115.545,00;12;60;51;120
WING20;28/01/2020;28/01/2020 10:44;28/01/2020 10:47;2min16s;1;C;116.360,00;116.455,00;19;95;70;215
WING20;28/01/2020;28/01/2020 10:51;28/01/2020 10:59;7min24s;1;C;116.320,00;116.380,00;12;60;82;275
WING20;28/01/2020;28/01/2020 11:04;28/01/2020 11:11;7min1s;1;C;116.325,00;116.360,00;7;35;89;310
WING20;28/01/2020;28/01/2020 11:19;28/01/2020 11:42;22min46s;1;C;116.340,00;115.635,00;-141;-705;-52;-395
WING20;28/01/2020;28/01/2020 11:52;28/01/2020 11:54;1min42s;1;V;115.690,00;115.795,00;21;105;-31;-290
WING20;28/01/2020;28/01/2020 11:55;28/01/2020 11:57;1min40s;1;V;115.670,00;115.815,00;29;145;-2;-145
WING20;28/01/2020;28/01/2020 11:59;28/01/2020 12:29;29min54s;1;V;116.255,00;115.815,00;-88;-440;-90;-585
WING20;28/01/2020;28/01/2020 12:30;28/01/2020 12:45;15min48s;1;C;116.195,00;116.100,00;-19;-95;-109;-680
WING20;28/01/2020;28/01/2020 13:00;28/01/2020 13:01;1min4s;1;V;115.835,00;115.925,00;18;90;-91;-590
WING20;28/01/2020;28/01/2020 13:11;28/01/2020 13:20;8min11s;1;V;115.820,00;115.860,00;8;40;-83;-550
WING20;28/01/2020;28/01/2020 13:22;28/01/2020 13:25;3min37s;1;C;115.820,00;115.890,00;14;70;-69;-480
WING20;28/01/2020;28/01/2020 13:27;28/01/2020 13:44;17min52s;1;V;115.965,00;115.900,00;-13;-65;-82;-545
WING20;28/01/2020;28/01/2020 13:45;28/01/2020 13:53;8min6s;1;C;115.960,00;115.990,00;6;30;-76;-515
WING20;28/01/2020;28/01/2020 13:54;28/01/2020 14:15;21min7s;1;V;116.070,00;115.995,00;-15;-75;-91;-590
WING20;28/01/2020;28/01/2020 14:30;28/01/2020 14:47;16min40s;1;C;116.170,00;116.100,00;-14;-70;-105;-660
WING20;28/01/2020;28/01/2020 14:48;28/01/2020 14:51;2min59s;1;V;116.050,00;116.120,00;14;70;-91;-590
WING20;28/01/2020;28/01/2020 14:57;28/01/2020 15:00;3min18s;1;V;116.025,00;116.080,00;11;55;-80;-535
WING20;29/01/2020;29/01/2020 09:25;29/01/2020 09:33;8min47s;1;C;117.165,00;117.160,00;-1;-5;-81;-5
WING20;29/01/2020;29/01/2020 09:43;29/01/2020 09:47;4min27s;1;C;117.140,00;117.215,00;15;75;-66;70
WING20;29/01/2020;29/01/2020 09:48;29/01/2020 09:56;7min45s;1;C;117.115,00;117.145,00;6;30;-60;100
WING20;29/01/2020;29/01/2020 09:59;29/01/2020 10:03;3min47s;1;V;117.115,00;117.200,00;17;85;-43;185
WING20;29/01/2020;29/01/2020 10:13;29/01/2020 10:15;2min38s;1;C;117.155,00;117.215,00;12;60;-31;245
WING20;29/01/2020;29/01/2020 10:30;29/01/2020 10:31;1min14s;1;V;116.810,00;116.935,00;25;125;-6;370
WING20;29/01/2020;29/01/2020 10:50;29/01/2020 10:57;7min1s;1;V;116.585,00;116.670,00;17;85;11;455
WING20;29/01/2020;29/01/2020 11:00;29/01/2020 11:15;15min24s;1;V;116.670,00;116.675,00;1;5;12;460
WING20;29/01/2020;29/01/2020 11:18;29/01/2020 11:31;12min50s;1;C;116.680,00;116.675,00;-1;-5;11;455
WING20;29/01/2020;29/01/2020 11:33;29/01/2020 11:37;4min5s;1;V;116.595,00;116.665,00;14;70;25;525
WING20;29/01/2020;29/01/2020 12:14;29/01/2020 12:26;12min3s;1;V;116.115,00;116.080,00;-7;-35;18;490
WING20;29/01/2020;29/01/2020 12:27;29/01/2020 12:35;8min4s;1;V;116.145,00;116.195,00;10;50;28;540
WING20;29/01/2020;29/01/2020 12:39;29/01/2020 12:48;8min45s;1;V;116.140,00;116.215,00;15;75;43;615
WING20;29/01/2020;29/01/2020 13:20;29/01/2020 13:21;40s;1;C;116.405,00;116.480,00;15;75;58;690
WING20;29/01/2020;29/01/2020 13:26;29/01/2020 13:29;3min2s;1;C;116.445,00;116.510,00;13;65;71;755
WING20;30/01/2020;30/01/2020 09:39;30/01/2020 09:41;2min10s;1;V;114.130,00;114.185,00;11;55;82;55
WING20;30/01/2020;30/01/2020 09:50;30/01/2020 09:54;4min31s;1;V;114.135,00;114.155,00;4;20;86;75
WING20;30/01/2020;30/01/2020 10:15;30/01/2020 10:16;49s;1;V;113.845,00;114.005,00;32;160;118;235
WING20;30/01/2020;30/01/2020 10:29;30/01/2020 10:34;4min42s;1;C;113.940,00;114.015,00;15;75;133;310
WING20;30/01/2020;30/01/2020 10:39;30/01/2020 11:13;33min44s;1;C;113.940,00;113.640,00;-60;-300;73;10
WING20;30/01/2020;30/01/2020 11:16;30/01/2020 11:25;9min3s;1;C;113.575,00;113.540,00;-7;-35;66;-25
WING20;30/01/2020;30/01/2020 11:31;30/01/2020 11:32;46s;1;V;113.420,00;113.515,00;19;95;85;70
WING20;30/01/2020;30/01/2020 11:43;30/01/2020 11:52;9min26s;1;V;113.560,00;113.595,00;7;35;92;105
WING20;30/01/2020;30/01/2020 12:30;30/01/2020 13:00;30min13s;1;C;113.320,00;113.090,00;-46;-230;46;-125
WING20;30/01/2020;30/01/2020 13:26;30/01/2020 13:44;17min45s;1;V;113.235,00;113.145,00;-18;-90;28;-215
WING20;30/01/2020;30/01/2020 13:46;30/01/2020 14:09;23min38s;1;V;113.495,00;113.290,00;-41;-205;-13;-420
WING20;30/01/2020;30/01/2020 14:13;30/01/2020 14:18;5min24s;1;C;113.470,00;113.490,00;4;20;-9;-400
WING20;30/01/2020;30/01/2020 14:20;30/01/2020 14:21;1min13s;1;V;113.465,00;113.530,00;13;65;4;-335
WING20;30/01/2020;30/01/2020 14:50;30/01/2020 15:08;17min17s;1;V;113.445,00;113.235,00;-42;-210;-38;-545
WING20;31/01/2020;31/01/2020 10:19;31/01/2020 10:21;1min30s;1;V;113.950,00;114.005,00;11;55;-27;55
WING20;31/01/2020;31/01/2020 10:27;31/01/2020 10:40;13min;1;V;114.135,00;114.010,00;-25;-125;-52;-70
WING20;31/01/2020;31/01/2020 10:59;31/01/2020 10:59;28s;1;C;114.380,00;114.460,00;16;80;-36;10
WING20;31/01/2020;31/01/2020 11:00;31/01/2020 11:15;14min49s;1;C;114.370,00;114.345,00;-5;-25;-41;-15
WING20;31/01/2020;31/01/2020 11:36;31/01/2020 11:45;8min39s;1;V;114.110,00;114.125,00;3;15;-38;0
WING20;31/01/2020;31/01/2020 11:55;31/01/2020 12:00;4min55s;1;V;114.060,00;114.140,00;16;80;-22;80
WING20;31/01/2020;31/01/2020 12:22;31/01/2020 12:25;2min14s;1;V;113.675,00;113.790,00;23;115;1;195
WING20;31/01/2020;31/01/2020 12:34;31/01/2020 12:38;3min32s;1;V;113.590,00;113.675,00;17;85;18;280
WING20;31/01/2020;31/01/2020 12:41;31/01/2020 12:48;6min43s;1;V;113.595,00;113.665,00;14;70;32;350
WING20;31/01/2020;31/01/2020 12:50;31/01/2020 12:55;4min36s;1;C;113.585,00;113.640,00;11;55;43;405
WING20;31/01/2020;31/01/2020 12:59;31/01/2020 13:09;9min52s;1;V;113.620,00;113.650,00;6;30;49;435
WING20;31/01/2020;31/01/2020 13:11;31/01/2020 13:11;30s;1;V;113.605,00;113.695,00;18;90;67;525
WING20;31/01/2020;31/01/2020 13:19;31/01/2020 13:23;4min36s;1;V;113.545,00;113.630,00;17;85;84;610
WING20;31/01/2020;31/01/2020 13:40;31/01/2020 14:13;33min49s;1;V;113.730,00;113.470,00;-52;-260;32;350
WING20;31/01/2020;31/01/2020 14:35;31/01/2020 14:44;9min43s;1;C;113.850,00;113.730,00;-24;-120;8;230
WING20;31/01/2020;31/01/2020 14:54;31/01/2020 15:07;13min3s;1;V;113.655,00;113.675,00;4;20;12;250
